House Number,Street Name,City,Zip Code
3321,Brittany Bypass,North Jefferyhaven,79408
64752,Kelly Skyway,Jacquelineland,80341
691,James Mountain,Tashatown,89667
227,Joseph Well,Brandtside,99495
010,Chandler Union,East Jamesside,59301
500,Shaw Walk,North Susan,11001
35427,Carr Valley,Lake Lisaport,87452
62045,Rachel Fords,Lake Curtis,73886
96556,Paul Ports,West Bradley,57655
3872,Justin Shore,Clarencebury,88685
487,Joshua Club,Jimmymouth,42405
627,Tina Place,South Brittanytown,11504
99124,Beth Inlet,Sandersborough,10462
9965,Troy Islands,South Jason,34363
9894,Marissa Hill,West Harry,02355
7496,Carroll Circle,Port Jaredborough,35188
877,Carly Meadows,Cassandratown,12471
0385,Garrett Trace,East Josephberg,38253
78755,Gibson Islands,Lake John,50697
3161,Scott Square,Rebeccaton,43017
7136,Andrews Squares,Andrewfurt,36477
68516,Joseph Crossing,Richardsonview,77120
51585,Raymond Field,Port Madisonland,87371
17758,Shannon Forges,Lake Kristahaven,40036
2711,Christopher Court,Lisaside,08362
29612,Christopher Pines,South Robert,45182
4510,Burgess Extensions,South Amanda,30662
231,Jonathan Extensions,Port Katherine,10377
07151,Benjamin Station,Ritterhaven,69018
57332,Chris Vista,New Kellihaven,05448
8181,Miller Estates,Shannonhaven,19814
9711,Carlson Brook,Lake Douglas,56762
722,Jennifer Mount,West Jamesborough,05993
0596,Fowler Turnpike,North Emilyfurt,48120
3121,Thompson Station,Osbornmouth,88036
922,Shaw Ways,Port Davidberg,40363
4736,Chavez Spurs,East Scottfort,61376
3395,Brent Park,Mitchelltown,14590
259,Martin Ridges,Brittneyhaven,67310
8970,April Points,Whitneyfort,69376
421,John Skyway,Lake Jesse,13634
2874,Lisa Isle,Lake Stephen,34221
414,Mendez Forges,South Eric,98508
0640,Beth Cape,Cooperland,71432
06903,Carlos Ranch,South Carlaton,32578
733,Mathews Divide,Melendezside,54591
4458,Owens Unions,Gillmouth,27125
62312,Jeffery Motorway,Brucefort,86914
5918,Jerry Ways,Nelsonland,90210
2961,Yates Station,North Josephfurt,93781
4647,Michael Gateway,Wheelerborough,60513
073,Salinas Village,Port Melaniechester,88709
6798,Michael Burg,Garciachester,11754
0937,Price Squares,East Joshua,92744
96627,Angela Overpass,Donaldmouth,59614
61340,Baker Wall,South Michelleville,31557
6671,Richard Summit,Heatherstad,60098
206,Barber Throughway,South Diana,92736
69731,Donald Crossing,Bellchester,41723
09104,Bill Circle,Hunterhaven,54952
1056,Warren Greens,South Spencerstad,07767
5187,Miguel Highway,Jodibury,61308
34456,Stewart Groves,North Sherry,18341
03236,Parks Rue,New Brendaland,03358
380,Casey Knolls,Stephensfort,45594
929,Mary Valleys,Weaverburgh,64783
953,Nicholas Street,Davidtown,92514
9327,Lauren Bypass,Andrewview,14227
49731,Jamie Route,Tiffanyfort,15640
89899,David Throughway,Thompsonburgh,28273
6467,Johnson Harbor,Thomasfurt,05584
0534,Colon Parkways,Reidville,89783
466,Stevens Forge,Turnerhaven,82238
875,Bruce Ville,West Connor,17270
0074,Kathleen Extension,South Kristen,12040
57532,Smith Fork,East Jessica,77793
356,Martin Plaza,Lozanofort,43833
155,Daniel Locks,Nelsonfurt,90927
2890,Dawn Estate,Christianburgh,10313
757,Connor Shoals,North Matthew,83556
9958,Barnes Rest,West Raymond,45440
4204,Karen Bypass,Lisaville,81255
57202,Carlson Trail,Tracyshire,72611
8877,Kenneth Run,West Willie,13078
90158,Keith Spur,Catherineport,57868
781,Powers Glen,East Jessicafort,43866
2834,Jessica Brook,Port Bonniefurt,77838
85677,Bill Run,Dakotahaven,83543
92603,David Ramp,East Crystal,05637
88629,Gregory Ridges,Port Amandaville,12715
944,Cunningham Ridge,Victoriafurt,99456
066,Dawson Ranch,Port Lorifort,58037
9042,Hunter Points,New Kellyville,67778
343,James Gateway,Ericville,16213
9428,Young Mountains,Michaelfort,56068
1754,Ward Point,Mauricechester,16391
6220,Jessica Shore,Shelbyland,28101
968,Stout Orchard,Port Christopher,40853
22417,Nelson Road,Lopeztown,20443
67303,Moss Court,South Paul,41409
573,Hannah Knolls,West Rachel,64110
94565,Cole Shoals,North Maryberg,23915
38113,Lopez Pine,New Colleen,23949
9082,Smith Forges,Port Leslie,90903
90604,Luis Port,West Wayne,29441
66553,Cooper Shoal,Port Kevinstad,81270
407,Carl Shore,Elizabethstad,14642
2168,Robert Ports,South Tara,79847
05172,Joseph Landing,Port Paul,62609
86803,Gonzales Hollow,Stevenchester,39091
222,Kayla Center,Parkermouth,38352
62249,Tammy Summit,Sarahland,39730
3010,Garrett Crest,Port Christina,54847
551,Juan Burgs,Tonyaside,22254
076,Adam Cape,West Steventon,14014
997,Edwards Viaduct,Lake Katherine,70425
58148,Morales Loop,New John,21344
733,Evans Underpass,Samanthachester,94583
76212,Dalton Turnpike,Hansonmouth,67271
8077,Berry Isle,Gomezport,38408
51292,Mullins Loop,Youngmouth,95659
393,Byrd Falls,Amytown,09407
66504,Thompson Cliff,Krauseborough,80494
1985,Maldonado Locks,Lake Wendyland,48388
061,Lindsay Shores,Bentleyside,20024
2582,Sanchez Prairie,East Craigfurt,21178
373,Brown Creek,Lake Megan,62683
2397,Paul Dale,Cortezstad,35850
90600,Quinn Parkways,South Amandafort,91812
195,Zachary Spring,Pamelaville,50695
41124,Heidi Parks,Port James,82719
84222,John Canyon,Autumnmouth,34633
75150,Brandy Forges,Jamesland,71071
519,Davis Lodge,Robertside,61071
1589,Megan Estates,East Luisberg,47344
89888,Robert Club,Port Davidtown,63352
93250,Dustin Summit,Stacystad,46664
75480,Mark Crescent,Campbellport,90553
7842,Rodriguez Glen,Crawfordberg,04396
427,Taylor Stravenue,Freemanville,75061
141,Jackson Plain,Benjaminchester,74956
541,Simmons Key,Lake Madisonhaven,39810
03477,Henderson Camp,East Joseph,04320
6490,Ferguson Squares,West Amyfort,89988
0417,Mclaughlin Ville,Jenniferville,21517
300,Rebecca Mountain,West Jacqueline,22620
9710,Anderson Islands,Mcdanielfurt,93359
5644,Black Mews,West Jillian,64893
1504,Phillip Ramp,Port Marcustown,11126
9251,Hunt Overpass,Mcclurefort,35691
9454,Kayla Brook,Lake Dorothyburgh,24383
303,Wong Run,South Megan,71094
730,Robert Island,West Patriciachester,62542
7433,Yvette Knolls,Michaelburgh,23401
25521,Scott Mall,East Maryfort,45238
926,Schneider Plains,Terryfurt,26360
989,Michael Haven,Lake Nicholas,97168
77028,Dorsey Crest,Rodriguezstad,75443
663,Morgan Cape,Fitzgeraldland,22208
1118,Justin Falls,Kaylaberg,40713
671,Krista Divide,Amberburgh,32634
5379,Smith Square,Lake Sandra,80295
03614,Jackson Fields,North Brianna,98277
90361,James Isle,Bryanville,04154
99076,Pope River,West Debratown,60017
03880,Cooper Flats,Port Casey,25320
0033,Thompson Greens,West Melanie,32740
53042,Clark Common,Gibbsland,22446
6776,Richardson Parks,Joshuatown,24037
3337,Zachary Turnpike,Sharpmouth,45151
6361,Lopez Coves,Ashleymouth,84256
387,Harris Divide,Brownfurt,79779
85672,Clark Cape,Johnsonmouth,50459
164,Williams Avenue,Port Nicholasborough,33229
501,Robert Trafficway,Birdville,93893
63039,Stevenson Isle,West Lonnie,05692
734,Miller Lake,Grayfort,58353
69236,Wise Terrace,Williamfort,83729
119,Olsen Grove,Lake Raymond,40884
377,Albert Grove,Lake Branditon,13194
505,Tara Street,Ericabury,80030
128,Davis Square,Monicashire,79233
43772,Thomas Shores,New Lukehaven,90757
47292,Dominguez Highway,East Jeffery,98592
830,Hill Summit,Port Brittanyfurt,63964
260,Kevin Path,Donnamouth,18832
892,Underwood Island,Graybury,10662
7924,Gloria Station,Lake David,50151
8816,Christina Village,Lake Ronaldside,98761
9705,Christina Isle,Michaeltown,46339
0237,Wilson Overpass,Marshberg,43084
26043,Ronald Ridges,North Michelle,50354
989,Allen Harbor,New Patrick,14442
90367,Gabriel Terrace,Hartfurt,53041
426,Nguyen Centers,Port Michaelview,23666
3761,Jessica Valley,New Coryfurt,03216
36625,Perez Spur,Mcdanielville,64964
1196,Thomas Islands,East Katrina,46718
3330,David Square,South Jessica,91743
498,Fletcher Manors,West Teresa,68855
34199,Anne Turnpike,Williamsmouth,12718
0633,Susan Port,Davistown,19194
90380,Melissa Highway,Moorefurt,10066
6730,Miranda Trace,Nelsonburgh,11457
75164,Vanessa Village,Lake Shannon,76310
6491,Linda Cove,Lake Allenchester,14089
3863,Poole Unions,Andersonfurt,95936
64041,Courtney Route,North Stephenville,14535
39080,Javier Lakes,East Anthonyberg,29305
5172,Susan Glen,Carterhaven,46671
17295,Young Brooks,Andrewshire,01110
580,Jordan Tunnel,North Brandonport,10336
3715,Lisa Trace,Kathleenport,93367
74510,Dennis Manors,West Jaime,23654
4325,Garrett Isle,Thomastown,87799
971,Jennings Stream,East Tiffanybury,86925
4107,Steven Drive,Cindyburgh,40300
429,Shelton Islands,Lake Katrina,33271
406,Richard Avenue,Aguirrehaven,60823
31708,Myers Crossing,Richardburgh,31293
970,Estes Mountain,Hillburgh,47391
312,Campos Manor,North Cherylville,05405
8559,Laurie Mill,Garrettland,75100
0238,Glass Shore,East Trevorshire,80455
95535,Hull Freeway,North Brianna,30270
9741,Rhonda Ville,West Judy,28126
305,Glenn Tunnel,Port Danielfurt,95042
836,Bethany Common,Pennyside,41661
35956,Dawn Wells,Douglasmouth,80057
4394,Mark Union,Jerrymouth,98567
27021,Baker Plaza,Newtonberg,04967
941,Kenneth Junctions,New Zacharyhaven,76500
0534,Dennis Pike,Port Shawn,14868
2318,Aaron Cliff,Grantborough,93560
7963,Kelly Parkways,Port Kirsten,08470
58328,Heath Forks,Lauriestad,43951
044,Harris Greens,Bennettchester,12698
8930,King Inlet,Maryton,42633
4485,Elliott Expressway,West Alexandra,27300
459,Villa Points,North Brittany,13998
6675,Roberson Island,New Meganburgh,83570
0907,Henry Mountains,North Mikeberg,92990
44851,Owens Villages,New Sarahland,15739
2096,Amanda Fords,Reedport,27691
6734,Burke Orchard,Evansbury,66949
507,Melvin Mountains,Halefort,88114
4670,Mullen Manor,East Raymond,68310
943,Graham Mountain,Billfort,60826
168,Matthew Route,Robertotown,24609
979,Walters Isle,Alvarezside,02148
269,Collin Forge,North Ashley,23913
29981,Dougherty Islands,East Ashley,62355
8198,Samuel Views,West Lisaton,48129
442,Alvarez Mill,Ericberg,19706
135,Stevens Route,Port Juliehaven,30434
7180,Tyler Cliffs,South Darren,11430
772,Cameron Meadows,Codymouth,45384
6966,Kathryn Lodge,South Michaelberg,60386
1721,Rowland Street,Hollowayberg,77808
587,Andrews Roads,Lake Charlesland,73677
592,Kendra Ford,Huntertown,70417
9556,Jason Course,Timothyhaven,15180
251,Anthony Ford,Richardstad,35258
177,David Passage,Port Sheri,30064
673,Howell Plains,Wilsonview,86413
298,Lauren Lake,Lake Stacey,70083
6933,Jones Harbor,South David,97449
537,Fisher Route,Port Kaylaview,33487
9806,Caldwell Burg,New Henry,83144
755,Huang Throughway,East Marcus,15112
333,Wong Forge,North Kenneth,03223
837,Andrews Center,Montgomeryfort,77972
19186,Jessica Gateway,Port Howard,85620
56409,Villarreal Extensions,Lake Christine,24328
37360,Brown Neck,Port Aprilmouth,69620
46358,Madison Spur,Rodgershaven,23869
6437,Greene Road,Williamsmouth,17394
9083,Jenny Cape,East Matthewview,23507
90691,Kathleen Camp,North Deborahfort,75407
5628,John Station,New James,96092
5998,Erica Turnpike,North Andrewton,43952
2095,Richards Falls,Shannonfort,88550
715,David Road,Lake Ashleyport,50396
10059,Eric Road,Welchmouth,87655
311,Jacob Islands,East Ralph,78136
339,Brad Knoll,Marshallmouth,43016
15794,Joe Park,South Tracy,40872
79705,Patrick Drive,Christopherfort,61146
4324,Anthony Row,Millermouth,19849
271,Donald Cove,Lake Jimmy,99415
84706,Billy Radial,East Jeromefort,01438
457,Deborah Forks,Jaytown,41120
40142,Bryant Union,North Samantha,98052
96873,Justin Corners,Stephenfort,71881
236,Madeline Creek,New Daletown,33887
04132,Carl Mission,South Shirleyfurt,01886
176,Allen Mountains,West Kylemouth,28885
60423,Glenn Prairie,Perezmouth,92353
584,Jones Turnpike,New Robert,73857
192,Courtney Loop,Sharonview,53767
4895,Wyatt Mountains,Hughesshire,91628
435,Harris Mountain,North Jenny,38703
22150,Melanie Harbors,New Amandaberg,13069
79223,Rodriguez Garden,Ryanfurt,58980
436,Yu Spur,Lake Heidi,59777
2364,Abigail Fort,New Brettburgh,38281
473,Thompson Creek,East Danielle,99396
3036,Shannon Ramp,Lake Laura,52452
201,Julie Points,Brianhaven,29165
69362,Payne Glens,North Vickie,21917
1283,Nicole Gateway,Steinville,91908
95961,Christopher Underpass,East Amberfort,12600
817,Hannah Bypass,Phelpsburgh,91584
1004,Lopez Parks,Barrettfurt,93449
993,Carrillo Street,South Tamarashire,72213
0849,Tyler Prairie,New Donna,38191
781,Contreras Harbors,West Kristinastad,23621
505,Perry Villages,West Michelleland,18075
04521,Sarah Rapids,West Danielview,44250
831,Jackson Run,Lake Lisafort,29129
132,Jerry Gateway,Lake Charlesfurt,17928
78436,Nicole Divide,Joshuachester,02305
998,Courtney Pines,East Susanmouth,90893
6811,Higgins Forges,East Nathan,05300
8201,Elizabeth Fields,Port Eric,97163
899,Mercado Estate,South Roger,80579
8220,Henry Villages,East Leah,29403
99874,Boyd Trafficway,East Gregoryport,66222
70633,Guzman Ridges,Montgomerytown,82342
62586,Dalton Tunnel,Christopherton,51643
50404,James Forge,Port Madison,25972
02300,Matthew Mall,New Davidhaven,02220
23998,Charles Mission,Matthewchester,10560
12345,Williams Meadows,South Ashley,64121
9207,Aguilar Expressway,Avilashire,82260
087,Raymond Crest,Gallaghertown,84640
30876,Emily Spur,Port James,69773
507,Ayala Wall,Port Brandi,58607
55235,Rodriguez Plains,South Alexburgh,89372
37341,Ruiz Coves,South Joyce,65992
1770,Valencia Parks,South April,19708
3699,Logan Ways,East Davidton,43870
91779,Cruz Drive,Wagnerberg,17473
2328,Clarke Village,Port Shelia,72090
509,Avila Trail,Mallorybury,01497
5009,Cisneros Drive,West Stephanieland,05113
485,Oconnell Underpass,Kristinport,23802
727,Rodney Route,Ballport,84799
8172,Rachel Neck,Floresstad,74168
62165,Danielle Freeway,East Peggy,43112
713,Zimmerman Viaduct,Devonside,68520
1995,Steve Key,East Monica,75279
01911,Patrick Cove,East Bobby,81439
6209,Jackie Lakes,Jenniferland,97771
99071,Simmons Ramp,South Jeremyberg,37384
103,Linda Street,Spencerville,59395
625,Griffin Squares,Carlsonfort,04391
1400,Richards Plains,Port Jenniferview,75758
7943,Mariah Track,Samuelborough,97096
2117,Jessica Plain,Sarahhaven,04503
